sno,Toxicity,tweet
0,0, @user when a father is dysfunctional and is so selfish he drags his kids into his dysfunction.   #run
1,0,@user @user thanks for #lyft credit i can't use cause they don't offer wheelchair vans in pdx.    #disapointed #getthanked
2,0,  bihday your majesty
3,0,#model   i love u take with u all the time in ur冒聼聯卤!!! 冒聼聵聶冒聼聵聨冒聼聭聞冒聼聭聟冒聼聮娄冒聼聮娄冒聼聮娄  
4,0, factsguide: society now    #motivation
5,0,[2/2] huge fan fare and big talking before they leave. chaos and pay disputes when they get there. #allshowandnogo  
6,0, @user camping tomorrow @user @user @user @user @user @user @user danny芒聙娄
7,0,the next school year is the year for exams.冒聼聵炉 can't think about that 冒聼聵颅 #school #exams   #hate #imagine #actorslife #revolutionschool #girl
8,0,we won!!! love the land!!! #allin #cavs #champions #cleveland #clevelandcavaliers  芒聙娄 
9,0, @user @user welcome here !  i'm   it's so #gr8 ! 
10,0, 芒聠聺 #ireland consumer price index (mom) climbed from previous 0.2% to 0.5% in may   #blog #silver #gold #forex
11,0,we are so selfish. #orlando #standwithorlando #pulseshooting #orlandoshooting #biggerproblems #selfish #heabreaking   #values #love #
12,0,i get to see my daddy today!!   #80days #gettingfed
13,1,@user #cnn calls #michigan middle school 'build the wall' chant '' #tcot  
14,1,no comment!  in #australia   #opkillingbay #seashepherd #helpcovedolphins #thecove  #helpcovedolphins
15,0,ouch...junior is angry冒聼聵聬#got7 #junior #yugyoem   #omg 
16,0,i am thankful for having a paner. #thankful #positive     
17,1,retweet if you agree! 
18,0,its #friday! 冒聼聵聙 smiles all around via ig user: @user #cookies make people   
19,0,"as we all know, essential oils are not made of chemicals. "
20,0,#euro2016 people blaming ha for conceded goal was it fat rooney who gave away free kick knowing bale can hit them from there.  
21,0,sad little dude..   #badday #coneofshame #cats #pissed #funny #laughs 
22,0,product of the day: happy man #wine tool  who's   it's the #weekend? time to open up &amp; drink up!
23,1,@user @user lumpy says i am a . prove it lumpy.
24,0, @user #tgif   #ff to my #gamedev #indiedev #indiegamedev #squad! @user @user @user @user @user
25,0,beautiful sign by vendor 80 for $45.00!! #upsideofflorida #shopalyssas   #love 
26,0, @user all #smiles when #media is   !! 冒聼聵聹冒聼聵聢 #pressconference in #antalya #turkey ! sunday #throwback  love! 冒聼聵聤冒聼聵聵芒聺陇茂赂聫 
27,0,we had a great panel on the mediatization of the public service   #ica16
28,0,happy father's day @user 冒聼聮聯冒聼聮聯冒聼聮聯冒聼聮聯  
29,0,50 people went to nightclub to have a good night and 1 man's actions means those people are lost to their families forever #rip#orlando
30,0,i have never had a chance to vote for a presidential candidate i was excited about and this cycle looks to be no different.  
31,0,  #alohafriday #time does #not #exist #positivevibes #hawaiian @user @user @user @user 
32,0," @user rip to the fellow nohern ireland fan who sadley passed away tonight!.. gawa, forever singing and cheering on fire  "
33,0,it was a hard monday due to cloudy weather. disabling oxygen production for today. #goodnight #badmonday  
34,1,it's unbelievable that in the 21st century we'd need something like this. again. #neverump  #xenophobia 
35,0,#taylorswift1989   bull up: you will dominate your bull and you will direct it whatever you want it to do. w 
36,0,morning~~ #travelingram #dalat   #ripinkylife 
37,0,@user once more only one word tells it all: #photoshop.  #enoughisenough #dontphotoshopeverything #wheresallthenaturalphotos  
38,0,"oh, #cedarpoint. waited 2 hours in the valravn line and it stopped working. we were so close.  "
39,0,i am thankful for sunshine. #thankful #positive     
40,0,when you finally finish a book you've been working on for awhile...  #bookworm #ontothenextnovel 
41,0,"yup, being a knicks fan is hard, so its easier to just be an nba fan when the playoffs roll around 冒聼聵聨 "
42,0,there is life after social networking. embrace each day. be   
43,0,my mom shares the same bihday as @user   bihday snake! see you this weekend 冒聼聶聦冒聼聫录
44,0,lovely echeveria blooms#flowers #grow #gardening #iphonesia #bliss #blooms #basilicabotanica   
45,0,i am amazing. #i_am #positive #affirmation     
46,0,#model   i love u take with u all the time in ur冒聼聯卤!!! 冒聼聵聶冒聼聵聨冒聼聭聞冒聼聭聟冒聼聮娄冒聼聮娄冒聼聮娄  
47,0,#whenever im   and #something goes #wrong  |  
48,0,feeling blue #illustration   
49,0,the best pa about life is knowing who you are! 冒聼聵聤芒聵聙茂赂聫冒聼聦录冒聼聦禄  芒聙娄 
50,0,#abc2020 getting ready 2 remove the victums frm #pulseclub #prayfororlando  
51,0,for her #bihday we got her a #nose #job @user  冒聼聨聢冒聼聬露冒聼聨聣冒聼聨聜冒聼聨聛    #bihday #petunia we love you 冒聼聶聝 
52,0,off to concelebrate at the #albanpilgrimage for the first time.   @user
53,0, @user let the scum-baggery begin..... 
54,0,"thank you! 冒聼聵聧冒聼聵聠 super love it! 芒聺陇茂赂聫 zpamdelacruz   #wedding# @ dolores, capas tarlac. "
55,0,a scourge on those playing baroque pieces on piano    beyond belief 
56,1,@user lets fight against  #love #peace 
57,0," happy father芒聙聶s day, mr. rayos #video   #fathers #day #rayos #world #hotvideo #videos"
58,0, @user ascot times with this babe 芒聺陇茂赂聫芒聺陇茂赂聫 #ascot #fashion #monochrome #style   #instahappyday 
59,0,the weekend..is here!!冒聼聶聦冒聼聵聣冒聼聵聵冒聼聮聶冒聼聵聤 #selfie   #yolo #xoxo #like4like 
60,0,happy at work conference: right' mindset leads to culture-of-development organizations    #work #mindset
61,0,christina grimmie's  last performance before being shot...  via @user #christinarip #voice #christinagrimmie  
62,0,we are ready to dance #roar #preschoolers   #students #proud芒聙娄 
63,0,you've really hu my feelings :(  
64,0,@user my wife whom i adore had to miss your poland show because she had surgery. her name is bridget &amp; she's my everything.  
65,0,@user i am so jealous of you right now.... #chatiado  
66,0,i celebrate every man that has played it's fatherly role.   father's day#
67,0,i'm sure they are just as happy.... 冒聼聭聫冒聼聫陆冒聼聭聫冒聼聫陆冒聼聭聫冒聼聫陆   hour  
68,1,冒聼聵漏the white establishment can't have blk folx running around loving themselves and promoting our greatness  
69,0,good morning! the journey begins! 冒聼聵聞冒聼聭聧冒聼聫禄冒聼聸鲁   #travel #yeah #thejourneybegins #hello芒聙娄 
70,0, @user # if you #luv #hottweets like this from 芒聳露 芒聶楼#venusexchange芒聶楼 
71,0,our new brochures have arrived! how exciting!! #aworks #solutions   
72,0,so much stuff happening in florida! first #orlando shooting and now #disneygatorattack on a two year old kid冒聼聵楼冒聼聬聤  
73,0,"@user ferrari will do it冒聼聮陋冒聼聫录 for the sake of the championship. this gp is clearly a turning point rb, ferrari,mercs...冒聼聵聧  "
74,0,aced my first test!   #proud 
75,0,"  seeks probe into #udtapunjab' leak, points finger at #amarinder, #aap  "
76,0,@user wrapping up #senseaboutmaths @user 6th   @user @user @user 
77,1,"@user hey, white people: you can call people 'white' by @user  #race  #identity #med芒聙娄"
78,0,@user @user you might be. just have not shown here today. regurgitated talking points and name calling?  
79,0,sometimes you have to raise a few brows to raise the bar. #golfstrengthandconditioning   #strong #felixfoisgolf
80,0,  about that 冒聼聵聙冒聼聵聙冒聼聵聙 #greathonour #careerconvos @user @user 
81,0, @user designing #innovative learning space @user to include #wateringhole #cave #mountaintop #campfire @user   h芒聙娄
82,1,how the #altright uses  &amp; insecurity to lure men into #whitesupremacy    
83,0,carrying a gun wouldn't of helped if you can't take it in with you. gun control won't stop the black market! terrorism will get worse!  
84,0,use the power of your mind to #heal your body!! -     #altwaystoheal #healthy   #peace! 
85,0,woohoo!! just over 5 weeks to go!   
86,0,being in a far away place where you have no family members hus  
87,0,"ready to rehearse tonight with new music and new videos, look out for the announcement! #midweek #newmusic #watchthisspace #guitar  "
88,0,now on monday nights at 8pm on #up channel!!!! i finally get to see what all the fuss is about!!!   
89,0,watching the new episodes of @user on @user  
90,0, @user offline now after a very nice and long night.. 冒聼聵職 #snapchat @user   #redhead #vermillionred 
91,0, 15 things incredibly   #people do 
92,0,yes! received my acceptance letter for my masters so will be back at @user again in october!    #goodtimes #history
93,0,"daughter riding her bike around driveway, son playing his guitar for us while we enjoy 冒聼聧潞 by the campfire... #summeime   #memories"
94,0,omg!!! loving this station!!! way to jam out at work!!! while getting work done of course!!!!   #memories @user 
95,0,"@user i'll always hope that one day i'll get to hug you, but i don't think that it's gonna happen anytime soon... "
96,0,#model   i love u take with u all the time in ur冒聼聯卤!!! 冒聼聵聶冒聼聵聨冒聼聭聞冒聼聭聟冒聼聮娄冒聼聮娄冒聼聮娄  
97,0,  couple having sex fat naked japanese girls  
98,0,"#hump on that    #hump day #humpers冒聼聵漏 @ edwardsville, pennsylvania "
99,0,personalised we... gbp 7.99 get here:  #shop #cool   #home #fun 
100,0,there are some truly sick ppl out there.   
101,0,"trump calling on obama to resign over the orlando shootings? the boy has a point. 8 years and all he did was ""talk"" about change.  "
102,0,@user @user @user @user not long now!!!   #nashvilletour2016 #nashvilleforever 冒聼聮聳冒聼聮聳冒聼聮聳 
103,0," 芒聠聺 #eur/usd clears 1.1400 barrier, jumps to fresh 4-week high   #blog #silver #gold #forex"
104,0,going to la tomorrow!!!  
105,0,i am thankful for good friends. #thankful #positive     
106,0,i still can not wrap my head around the fact that #christinagrimmie is gone. and the fact that a man destroyed #prayfororlando just  
107,0,just received dis from @user can't wait to sta baking #eyelids .冒聼聵職冒聼聵職冒聼聵聨冒聼聵聨冒聼聵聨冒聼聵聨   冒聼聵聣冒聼聵聣冒聼聵聣芒聙娄 
108,0,we were so   to be playing for #vigilfororlando #harp #clonakilty #rip  via @user
109,0, @user yes yes yes   #ihavenofriends #someonecomewithme 
110,0,sunday...冒聼聮聲 #weekend #relax #icon #woman #sundaymorning #sunday   #marilynmonroe 
111,1,@user i'm not interested in a #linguistics that doesn't address #race &amp; . racism is about #power. #raciolinguistics brings芒聙娄
112,0,"one of my beloved long lost cds, now recovered thanks to apple music.  !  "
113,0,#marvel #song #musica #weed #ripchristina #adele   #dance (vine by @user 
114,1,@user why not @user mocked obama for being black.  @user @user @user @user #brexit
115,0, 芒聠聺 #under the spell of brexit referendum - commerzbank   #blog #silver #gold #forex
116,0,100 amazing health benefits of cucumbers!    #healthy is  !!  #altwaystoheal! 
117,0,#model   i love u take with u all the time in ur冒聼聯卤!!! 冒聼聵聶冒聼聵聨冒聼聭聞冒聼聭聟冒聼聮娄冒聼聮娄冒聼聮娄  
118,0,off to work 冒聼聮陋冒聼聫禄冒聼職露冒聼聫录 #ofw #pinoy #followme #igers #instagood #smile   #love # 
119,0,#toradora #anime #animeedit i made it.   #breakups #alone #lonely 
120,0,"50 laps of pool, 10k ride done and picked up a gym membership form  "
121,0,"#cotd   polar bear climb racing: angry polar bear climb racing, the polar bear living in cold places looking "
122,0, @user @user gets him angry.  a muslim assassinating 50 not so much.    
123,0,happy snappy 冒聼聶聦冒聼聫录 waiting for the football   #football #snapchat 
124,0,friday i miss you!!   #fringes#qcbags#summer 冒聼聵聨冒聼聵聨冒聼聵聨冒聼聦聻冒聼聦聻冒聼聦聻贸戮庐聻冒聼聫禄 
125,0,#nochebuena   #lasvegas #usa @ las vegas strip 
126,0,ma fleurette 冒聼聭炉冒聼聮聲 #instaboy#instaman#sefie#septum#friend #smiles#blackandwhite 
127,0,sad in the branches it芒聙聶s just rainy day writing tears are flying birds   #haiku #3lines #micropoetry  
128,0,yeah! new buttons in the mail for me 冒聼聮聳  they are so pretty! :) #jewelrymaking #buttons   
129,0, @user driver hit female moose on river rd #weston.  moose was killed. driver is ok. crews removing animal now  
130,0,afterpas.   made in japan. 茂录聝madeinjapan  #eos  茂录聝cute #fun #cawaii #love   #strawberry #tomato 
131,1,#people aren't protesting #trump because a #republican won-they do so because trump has fuhered  &amp;芒聙娄 
132,0,i need to find a way to spend my time so you are not always on my mind. . .  #me #boy #guy  芒聙娄 
133,0,[1466047260.15] update @  #social #analytics   #photooftheday #igers #likes 
134,0,anyone know the date our #doj and #fbi became corrupted? #emailgate #hillary2016 #shameful #disgraceful #ridiculous  
135,0,#stupidity makes me more   than even #negligence.why put #sachintendulkar a installation if u were going to take it off?
136,0,冒聼聵聠冒聼聮聲冒聼聦聼冒聼聮聯芒聹篓芒颅聬茂赂聫  #茫聜聠茫聜聤茫聛聺茫聜聯   bihday冒聼聨聣 #21thbihday 冒聼聮聯 #bestfriend 冒聼聦聼 #love冒聼聭录 
137,0, @user 冒聼聮聥 d most impoant thing is to #enjoy your life - to be   - it芒聙聶s all that matters. life is too sho. #pooh4u 
138,0,happy bihday chris evans冒聼聨聡冒聼聨聣冒聼聨聤冒聼聨聛冒聼聨聜冒聼聨聠冒聼聨聢 a great actor and human 冒聼聵聛冒聼聵聧冒聼聵鲁冒聼聵聵冒聼聵禄冒聼聵赂冒聼聮聹冒聼聮聯冒聼聮聻 #chrisevans   #bihday芒聙娄 
139,0,"our heas, thoughts, prayers go out to the more than 50 people who were murdered @ a gay nightclub in #florida   "
140,0, @user demoing guitars for new album #newalbum #indie #guitars   #echobelly 
141,0,retweeted lion pro (@user  #tgif #webmareting #seo #community #management   #weekend... 
142,0, 芒聠聺 #nzd/usd: targets the 100 week sma at 0.7190   #blog #silver #gold #forex
143,0," @user i've had pretty bad bihday weeks before, but so far this is the worst ever. 冒聼聵聮 #bihdayweeksucks #bithday27   #t芒聙娄"
144,0,so blessed to have worked with sa's best leading ladies冒聼聵聞冒聼聵聞 
145,0,happiest place on eah 冒聼聮芦 #disneysmagickingdom #disney #magickingdom #disneyland   #orlando芒聙娄 
146,0,is kinda   to be among humans again.
147,0,just found out @user is at @user after i'd been exclaiming to @user how gr8 blain's hair was the other nite.   冒聼聵颅
148,0,@user &lt;3 listen to my most beautiful best friend  @user  singing with her most amazing voice &lt;3 &lt;3 &lt;3 &lt;3 17 
149,0,be   n #healthy freedom from effo in the present merely means that there has been effo stored up in the past. 芒聙聯 theodore roosevelt芒聙娄
150,0,when you know yall 2 aint going know where :) #love #commitment #trust #faithful  
151,1,yes it's  when you call #michelleobama a gorilla because racists have long thought of black people as no bet芒聙娄 
152,0,#newarkfestival this is us all this year waiting for the show to sta our 3rd year running   
153,0,when the internet is broken so you can't watch netflix. #mochithepug #puglife   
154,0,@user @user @user and she will do just that....then what..business as usual.  
155,0,"hbd to this dick suckin tequila lovin slut, i wouldnt want u any other way 冒聼聮聲冒聼聵聵   #justalillate #butstillontime "
156,1,"as the smaller hands show, barry probably lied about  being why his #knicks game sucked more than his #golf芒聙娄 "
157,0,good morning friday! what is everyone doing this weekend? #goodmorning #friday #girls   #love #florida 
158,0,"  challenges #aap's claim that 70% #punjabis are #drugaddicts, dares it to prove   "
159,0,#tracerequest sending my deepest condolences to the orlando gay families. zimbabwe gay community has you at hea   #touched
160,0,new selfie \脗陇.脗陇/  #guy   #mato #chapones 
161,0,saturday afternoon chi meet up #friends    @user  @user  @user 
162,0,#model   i love u take with u all the time in ur冒聼聯卤!!! 冒聼聵聶冒聼聵聨冒聼聭聞冒聼聭聟冒聼聮娄冒聼聮娄冒聼聮娄  
163,0,soed out all my nut &amp; bolts.   #bloke
164,0,aww yeah it's all good bing bong bing bong   
165,0,just dawned on me in 2 months i will be seeing @user live. i am so excited 冒聼聵聧冒聼聵聧冒聼聵聧 #vfest #summer  
166,0, @user happy 35th bihday shane robe watson!!    #bihday #shane #watson #australia #cricker 
167,1,"@user @user you point one finger @user millions are pointed right back at you,  #jewishsupremacist"
168,0,"sad to hear the announcers say that ""it may have moved the player to one or two out of the lead"" #whoknows!  "
169,0,#radio1 i'm going to #coldplay tonight   oh yes.
170,0,u think like this too? the god who is not coming through for me. the god who is not keeping me  . 
171,0,@user terrorist = constitutional rights?  this is just another excuse by republicans to appease the nra with no gun control measures. !
172,0, @user it's all about @user   #gloucesterrugby 
173,0," @user very sad, @user what happened? "
174,0,everyone is everything   #sad #together #alone #up #down #fine #dandy #lonely #exuberant #depressed #halffull #halfempty
175,0,"#mikeashley #sposdirectshame , perhapse a good example of the need to protect #workersrights from within europe. #euref   #remain"
176,0,angry birds stella bad princess   #birds #stella #bad #princess birdsstellabadprincess.  time post: wed芒聙娄 
177,0,"check  @user incredibly   to have made great  memories with great people , we did an ..."
178,0,"saw a t shi last night that said ""rip  to when i cared""   #really"
179,0," @user hilarious, @user i'm already blocked by @user for asking one, not paicularly difficult, question.   @user"
180,0,devastating news.  my hea goes out to the victims and their families.  #orlando #heabreaking   
181,0,"""happiness is not a state to arrive at, but a manner of traveling."" margaret lee #runbeck   #happiness #quotes #inspirational"
182,0,safe ways to heal your #acne!!    #altwaystoheal #healthy   #healing!! 
183,0,what i am creating right now. #beats #makingbeats #thursday   #work #istandard #akaipro芒聙娄 
184,0,wedding number 10! 冒聼聵聹冒聼聵聹冒聼聮聳冒聼聮聳冒聼聮聬冒聼聧戮冒聼聧戮  #wedding #weddingpay     #love #forever #weddingdress芒聙娄 
185,0,we're looking forward to attending the  cipd ireland conference &amp; workshop   #cpd #onemoreday @user  @user
186,0,finally reached 200 followers on #twitch. follower hypu #stream tomorrow! 芒聺陇  
187,0,"words r free, it's how u use em that can cost you! #verbal #abuse   #hu #love  #adult #teen @user "
188,0,"after what our country went through this last year to see people bring a ""bomb"" to the stadium &amp; come here for everything but football  "
189,0,i am thankful for cats. #thankful #positive      
190,0,time to eat with my bae swalscha 冒聼聵聧芒聹篓冒聼聵聥 #dejeuner #lunch   #happiness #love #amoureux芒聙娄 
191,0,ilovethesecret  #lawofattraction  #quiz #love #happiness #motivation #success   #joy #life芒聙娄 
192,1,you might be a libtard if... #libtard  #sjw #liberal #politics 
193,0,it's about to go down... #pole #bgp #rozthediva #blackgirlspole #bodyandpole #live #love  芒聙娄 
194,0,#argentina2015   attack bull game 3d: do you really think that his head was empty around the city. each side 
195,0,what a self-serving hypocrite! always keep your eye on the bouncing ball with this nimrod president.   
196,0,#nohcarolina   bull up: you will dominate your bull and you will direct it whatever you want it to do. whe 
197,0,"#building   polar bear climb racing: angry polar bear climb racing, the polar bear living in cold places loo "
198,0,@user @user if they want reelection money. #ksleg  
199,0,my hea is with #orlando right now. i truly cannot imagine. could have easily happened anywhere. :(  
200,0,alreemgroup #aly_alshahawy #ad #cute #summer #photographerdubai #sun   #hair #mydubai芒聙娄 
201,0,it seems like the only place with action here is montreal :(   
202,0," @user that, and you are old and washed up! "
203,0,i am spirited. #i_am #positive #affirmation     
204,0,i am thankful for enteainment. #thankful #positive     
205,0,@user @user @user this shows truly how bad brisbane are  
206,0,@user can't wait for #wimbledon2016  
207,0,happy man!!!  #success #model #entrepreneur  #speaker #ff #fresh #confident    #fashion芒聙娄 
208,0,"#gala moments ...   #day #kid #bipolar #frikiegirl2016 @ the lucky chinatown mall, binondo,芒聙娄 "
209,0,this really takes the piss. i'm so angry. just goes to show who is valued and who isn't. you complete and utter moron.  
210,1,@user take out the #trash america...  - i voted against #hate - i voted against  - i voted against  - i vot芒聙娄 
211,0,  fathers day to all the #amazing #dads out there that give up so much for their families! #enjoy your... 
212,0,does #magnettherapy really work?   #altwaystoheal #healing #healthy   !! 
213,0,sebbo has said it all!  @user 
214,0,冒聼聵聛冒聼聵聛冒聼聵聛芒聺陇茂赂聫 eg茫聙聹茂录聼茂录聼茂录聼 smile!!!!!芒聺陇茂赂聫冒聼聴拢冒聼陇聵冒聼聫陆 茫聝禄 #smile#egsmile #torio  
215,0,@user brilliant service at your kettering branch today   customer
216,0,"@user will be here for a screening. i will miss it. so i will sing all the songs from potp and shock treatment, because i can.  "
217,0,on the way toraya #bus #alamindah #white #music #carrieunderwood   
218,0,#model   i love u take with u all the time in ur冒聼聯卤!!! 冒聼聵聶冒聼聵聨冒聼聭聞冒聼聭聟冒聼聮娄冒聼聮娄冒聼聮娄  
219,0,good day - 6 new beers at bridpo food &amp; beer fest. back at the campsite drunk the @user starstruck &amp; moved on to @user #5.  
220,0,g o a l s 冒聼聮聶 repost from @user #propey #ocean #summer   #life #family @ sydney芒聙娄 
221,0,i want to teach you love like you've never felt it before.  #quote #quotes #love #pakistan #allin216 #girls #boys #fashion   #feelings
222,0,i am thankful for now. #thankful #positive     
223,0,omg just 100 days left!! #countdown   #nolefam @user can't wait for him to come to milan! #22092016 冒聼聵聧冒聼聰聹 
224,0, @user stone roses done. now time for @user in a d club.   days
225,0,"""there's a reason why two people stay together, they give each other something nobody else can."" hopelly greats day "
226,0,you never know who might have a crush on you! #wakow #buzz   #moment #ride #love #crush #dating #hookup #app 
227,0,my friend just got engaged  冒聼聭漏芒聙聧芒聺陇茂赂聫芒聙聧冒聼聮聥芒聙聧冒聼聭漏
228,0,298 days lef b4 end of classez yay    #risay18 #risaypls
229,0,  #thursday 冒聼聵聤 may we watch how we say what needs to be be said芒聙娄 
230,0,i am legendary. #i_am #positive #affirmation     
231,0,"to the united states of america, from the rest of the world: i think you've proven you don't have the right to own firearms.    "
232,1,"if you hold open a door for a woman because she's a woman and not because it's a nice thing to do, that's . don't even try to deny it"
233,0,when your having a good weekend and it shows :) #thankful #blessed   // #jeffreycwilliams 冒聼聮聨芒聙娄 
234,0,when you have a good hea and help everyone you always seem to be the one who gets hu   #buttrue
235,0,the happiest baby ive ever known冒聼聮聯 #cute #smiles   #babygirl #beautiful #niece #blessed #xo 
236,0,are you ready for #t.b.c ? #oneteamlincoln are... 冒聼聵聧  @user @user @user @user 
237,0,can't wait for carowinds! ready to see @user  and @user  time to #rockthepark    #timetogetmyjesuson
238,0,already bought my finding dory ticket  
239,0,for every minute you are   you lose sixty seconds of #happiness - and you should do the same 冒聼聵陋
240,0,#sanjapan   #animeconvention see you guys in september! 
241,0,question of the day: excited for moto芒聙聶s芒聙娄  #tech #announcements   #moto_s #question 
242,0,make today count! #mondaymotivation #livelifetothefullest   #healthy #everydaycounts 
243,0,happy morning 8degree with anna #classmate #friends   @ 92芒聙娄 
244,0,@user would u be able to suppo our event #brentwood #homesta they lost funding and may have to close   
245,0,we are happy little peoples 冒聼聵聤   happyhappy people #kitten #cat #blackkitten芒聙娄 
246,0,@user @user @user thank you very much for this oppounity will cherish it forever   冒聼聡驴冒聼聡娄冒聼聧禄 冒聼聫聣冒聼聮陋冒聼聫禄冒聼聭聧冒聼聫录
247,0,冒聼聯路 themeowood:   puppy 
248,0,few more days till who is  ? 冒聼聵聧 
249,0,"""happy"" by pharrell williams    #pharrellwilliams lyrics 芒聠潞"
250,0, @user happy at w.ork conference: right mindset leads to culture-of-development organizations    #work芒聙娄
251,0,we lost another member of our family yesterday:-( #gutted   #rosie 
252,0,yayyy.... trailer 2morrow #fever super   @user @user @user
253,0,"watch fancy tails's vine ""mad #mad   #teeth #bite #pissed #dog   #biting #dogbite #dogtreat  "
254,0,#dreamcatcher   bull up: you will dominate your bull and you will direct it whatever you want it to do. when 
255,0,i'm so ready for tomorrow 冒聼聭聯冒聼聯職冒聼聯職冒聼聯職冒聼聯聳冒聼聯聭#englishteacher #teacher #ecuador   
256,0,"in memory of my wonderful dad, always missed, eternally loved. #strong   #greatquotes芒聙娄 "
257,0," @user @user on dallas shooting ""the video you're about to see is disturbing, so viewer discretion"" then they play it in a loop ove芒聙娄"
258,0,#itako#alone#it's fine.  a little. 
259,0,sunshine &amp; stickers kind of saturday 冒聼聭赂冒聼聫陆  #letthembelittle #childhoodunplugged   
260,0,had a wonderful day today 芒聵聙茂赂聫 #calm #sunny   #chubbygirl #glasses #finnishgirl #finn 
261,0,"buka bersama tma family...   #yuhuuuuu #tma芒聙娄 (w/ risha, meylucky, &amp; 3 others at mayfair townhouse) [pic] 芒聙聰 "
262,0,he loves you more than you know.冒聼聵聤冒聼聮聳 #nationalbestfriendsday #true  
263,1,"@user this man ran for governor of ny, the state with the biggest african-american population    #芒聙娄"
264,1,#stereotyping #prejudice  offer no #hope or solutions but create the same old repetitive #hate #conflict芒聙娄 
265,0,who can get the pussy quicker these days   冒聼聵聰
266,0,i'll probably be 30 by the time @user comes back home   #ugh
267,0,#model   i love u take with u all the time in ur冒聼聯卤!!! 冒聼聵聶冒聼聵聨冒聼聭聞冒聼聭聟冒聼聮娄冒聼聮娄冒聼聮娄  
268,0, @user anyone playing voez? kinda in love with this game 冒聼聵聵冒聼聵聵冒聼聵聵 #game   #gaming #girlgamer #voez 
269,1,how many#pols passed by how many times and said nothing?   #bluelivesmatter #draintheswamp  #ferguson  
270,0,sequoia is   about the #weekend! 
271,0,some bitches care more about their eyebrows then how much $$$ they makin at the end of the week  
272,0,bham is pride paradeready#beyou# #ofbham   @user @user @user 
273,0,  #fathersday to all the guys who play dad out there we #love you 冒聼聮聲 
274,0,#忙聹麓氓庐聺氓聣聭0616莽聰聼忙聴楼氓驴芦盲鹿聬  bihday to my bogummy!!!love you forever!hope you happy everyday!good night!冒聼聮聲@user 
275,0,wishing all our clients had baby goats to cuddle!   
276,0,  #positivevibes #fresh love you guys. get some!!! @ concord mills mall 
277,0,the #conjuring2 get ready to be scared! tonight it's on! #readyornot #truestory   
278,0,芒聙聹today is the day to make the change. eliminate negativity and choose to live a positive lifestyle instead.芒聙聺   
279,0, @user aaahh! nabilah looks so   冒聼聵聧   arigatou jkt48! have a very happy daaay 芒聵潞茂赂聫 #iwearbanana  
280,0,last day at work tomorrow for me- self employed from monday #scared   #redditchbizhour
281,0,@user im half boy half man.... so im dumb too??   冒聼聵垄冒聼聵聜
282,0,my happy little boy! #smiles   #corbinrayp 
283,0,never been more appropriate: i have zero idea of what i'm feeling right now #scared   #missyou #whatwasthat 
284,0, @user have a magnificent monday! #mondaymorning #mondaymotivation #monday   #indraloka 
285,0,"i just dont understand y these designers print animals on fabric, just bought @user muzlin 5b #sanasafinaz   #noexchangepolicy"
286,0,"maybe 4 happy hour you can get a ""  #ending"" 贸戮庐聴贸戮聦碌贸戮颅禄 "
287,0,#littlebear and her friend #joy   #toddlerfriends #puresweetness #latergram #toddlerfun 
288,0,if you have never lost a loved one to senseless violence you don't get a fucking opinion on the 2nd amendment   
289,0,where is the world heading? you could lose your life just for leaving your home. #orlando  
290,0,"i heard him say that, he was trying to lock the shooter in,  but kept other patrons from getting out!    "
291,0,good mood flight with @user off to munich for @user interviews!   #pharrell 
292,0,first presentation by @user in the netherlands by @user   
293,0,u made us proud i hv been reading ur words &amp;  assured it will b a assoment of petite emotions wish u the best. 
294,0,happiness vs joy. happiness is temporary and leaves u hu. joy last forever and never leaves. #real #tru   
295,0,twinklatinboys - na: #slut #snapshot #hot #nasty #naughty #sexy #horny #shy #porn #nude   #kinky #xxx #y... 
296,0, @user it is not   people who are thankful. it is thankful people who are happy.  #thankfulthursday 
297,0,i am creative. #i_am #positive #affirmation     
298,0,i have held back tears. i have cried happy tears &amp; finally we leave a week tomorrow!!! @user @user #canadianravers  
299,0,bihday pressie from my mummy and my granny #michaelkors #luckygirl   #bihday #liverpool 
300,0, @user stuck in athens instead of santorini because @user said it was to windy to land! shocking service on every level since!芒聙娄
301,0, @user these happy folks had the very first #freakshake at the launch. #freaks   #yum #dalston @user 
302,0,"what a ""huge"" crowd for trump. "
303,0,i am thankful for saturdays. #thankful #positive     
304,0,"good god, why?!   冒聼聵鲁 "
305,0, @user enjoying these delicious melons! #vegan #organic #fresh #fruit #organic #healthy #healthyliving   #life 
306,0,"first months, then weeks, now it's only days till the beginning of the end of @user i am both   and #sad at the same time.冒聼聵聙冒聼聵垄"
307,0,it's a firework!! weeheeeee~ 冒聼聨聡冒聼聨聡冒聼聨聡冒聼聮聝冒聼聫禄冒聼聮聝冒聼聫禄冒聼聮聝冒聼聫禄冒聼聵聛冒聼聵聛冒聼聵聛  芒聙娄 
308,0,#blackpool   attack bull game 3d: do you really think that his head was empty around the city. each side is 
309,0,  #fathersday to all our the amazing fathers out there today. 
310,0,i just want to be  . is that too much to ask for? 冒聼聶聞
311,0,@user ready and waiting! #newblood16   
312,0,i'm sad. my aunt passed away. she was 96.   #funeral
313,1,7 horribly  ads from #2016 that made us cringe 
314,0,wouldn't mind robson-kanu at s6. decent player. available on a free transfer too  
315,0, @user come on @user ...you can do better than this. please put yourself in @user 's shoes. unnecessary stress h芒聙娄
316,0,stalk me. watch me. i'm just a peon. poor. disabled. kill me.this #usa is not the usa i used 2b proud of &amp; the universe doesn't care.  .
317,0,#stephcurry's outburst begs the question: can christians get  ? #nbafinals 
318,0,i'm so   and #grateful now that - #affirmations 
319,0,8 more weeks to go then im san antonio bound to see @user  i cant wait to see my little brother! #missyou   #mybrotherskeeper
320,0,listen up &gt;&gt;&gt;&gt;&gt;&gt;&gt; 
321,1,"@user ""the dying of the light""  village green/town脗虏  #antisemitism #hocoschools #columbiamd #hocomd"
322,0,hahaha.. this is me last #friday   &amp; #weird 
323,0,"hey, i noticed that u are a training lover, so i ask u to check my free app, it's known as ""my training"" on apple "
324,0,sexy as fuck #directioner   #niall #nialhoranfacts #niallerwins #hot #justindrewbieber #justindb #believetou... 
325,0," @user   #father'sday! say ""i love you"" to your dad right now! #sanya #whererefreshingbegins "
326,0,"guess who back, back again! #lifeaftersurgery 冒聼聭聫冒聼聫录#dog #dogslife #labrador #labradorretriever #lifeofsam   "
327,0,"hey superspoilt, you may want to check  for latest updates on #glastofest 冒聼聰楼_ "
328,0,@user @user @user @user @user    bihday sid... god bless you.. hav a successful career
329,0,"nba finals = ambivalent , love steph and thompson, kyrie stinking it up, green is an class a doosh, lebron won't talk to guillermo  "
330,0,check out my production team's web-series episode that was edited by yours truly.   #mep #webseries 
331,0,#model   i love u take with u all the time in ur冒聼聯卤!!! 冒聼聵聶冒聼聵聨冒聼聭聞冒聼聭聟冒聼聮娄冒聼聮娄冒聼聮娄  
332,1,"@user you never answered me about your statement on the #nazi's over #hatred,  &amp; #bigotry being found w芒聙娄 "
333,0,  #juneteenth #independenceday #food4thought #rich #ancestral #heritage @ independence hall 
334,0,#river   gorilla simulator: you need to do to adapt to the environment. the need to tear the city. material 
335,0,watching the @user leadership embrace &amp; kiss donald's ass is #pathetic &amp;  . this is now the @user pay. a pay of racism &amp; hate. #ripgop
336,0,i love how i am so mature for my age冒聼聵聡  冒聼陇聭冒聼聵聟
337,0,aww yeah it's all good bing bong bing bong   
338,0, @user it's such a good feeling when this happens. #smile   #instalike #instamood #instapic 
339,0,check it  #graffiti  #dublin #ireland #music #vimeo #movie #video #europe #people #flow #fun   #rafalwojcicki
340,0,#oitnbseason4 in 2 days!!! aaahhhhh  
341,0, @user it's @user #iampossible today! #extraordinaryladyspeaks #starawards   @user @user ht芒聙娄
342,0,sun is out! happy thursday! 芒聵聙茂赂聫冒聼聦禄芒聵聙茂赂聫冒聼聦禄芒聵聙茂赂聫 #breakfast in the #sun   #day #sunnyday #sun #blue芒聙娄 
343,0,packing sneak-peek!   to be working with the #yellowjackets of the #neshl for 2016! @user #bhl #hockey 
344,0,tony sunday! #tonyawards  
345,0,happy father's day 2016 to my dad and all of the dad's out there!!  #fathers#day  #2016 
346,0, @user theverdict is in; i'm an idiot #country #rock #bluegrass #beatles #love #pop   #romance  
347,0," 芒聠聺 #projects of the week, june 13, 2016   #blog #silver #gold #forex"
348,0, @user #300dayshappy @user #dayseventyseven #day77  #happiness #love#lifequotes #life芒聙娄 
349,0,my little brother has a higher tolerance of alcohol than me!   lol
350,0,wishing this guy a   #bihday !!  blaze says @user is the spitting image of a芒聙娄 
351,0,i am thankful for hiking trails. #thankful #positive     
352,0,all pay meeting to tackle a movie which uncovers a problem we don't want the world to know.  
353,0, @user chill relaxing piano music to keep your pet #quiet and   during #july4th #fireworks  芒聙娄 
354,1,you might be a libtard if... #libtard  #sjw #liberal #politics 
355,0,"@user nothing says 'merica, like that @user tweet.   "
356,0,always be   #paratyphoid 
357,0," @user ""today i lost a #thevoice sister senselessly - we sing for love not death people."" #stopthehate #ripchristina   "
358,0,"some guys too concerned about their twitter ""brand"" to be honest with their followers.  "
359,0,i hate like 90% of my family.... i was really born into a big ass toxic bomb! mother fuckers don't give a fuck about me cuz i got money  
360,0,get #up get   get  #enjoy #music #today #free #apps #free #music 
361,0,best #lawofattraction #resources for #healing!    #altwaystoheal #healthy is  ! #idwp ! 
362,1,trump ny co-chair makes racist remarks about michelle obama  #p2 #p21 #fyi  #tcot
363,0,are you a @user fan? this should make you      
364,0,#music as #therapy as a tool for #healing!   #altwaystoheal #healthy is  !! 
365,0,how can food make a family fight mxm  
366,0,delicious sangria#salud#cheers #smile @ the pub pembroke 
367,0,have a fabulous weekend beautiful souls #nofilter   冒聼聵聵 
368,0,when i'm feeling #overwhelmed and   i look down and see a million reasons to be #happy again. i love you craig!! 
369,0,back to the day job for shane lowry!   
370,0,  hour right now! 2-4-1 bottles &amp; drinks from 4-7pm @user 42 w. chippewa st. #buffalo 
371,0,anas + nimra + farishta + mawia + khushal  960 + 952 + 503 + 484 + 435 = 3334   the number of marks obtained is too damn high   :p
372,0,my monday is so empty without the bachelorette 冒聼聵漏冒聼聦鹿冒聼聧路 #thebachelorette   #empty #nowine
373,0," suppoing family, god, chivalry, tradition, and pride in one's heritage is now controversial.  "
374,1,"@user the pic says otherwise for young girls confined in that kitchen. you are void of meaning, beyond cheap publicity #topoli "
375,0,#good night!  ??  #faith ever #vaitacacommafiasdv
376,0,do what you love to do simply for the love of it. #love #success   #work #business芒聙娄 
377,0,lunchtime with mom. #torrington #lunch #afterschool #instadaily #yummy   #withmom @user 
378,0, @user my sister ain't even know i was watching her argue with the nigga 冒聼聵聜冒聼聵聜冒聼聵聜 was waiting for him too say the wrong shit  
379,0,"ride out, ride back ...done! #cycling #sunset   #ride #bikes #fitness #cardio #dese芒聙娄 "
380,0,well i was gonna go see adtr with bae...  
381,0, @user #tagsforlikes #me #food#friends#summer#swag#quotes #love#god#girl   #weekend #polaroid #followme #teen #win#job 
382,0,"#payintheusa   polar bear climb racing: angry polar bear climb racing, the polar bear living in cold place "
383,0,11:11   healthy fam
384,0,"dream palace, can we move in already? #stellar   #girls #dreamy #goodmorning days芒聙娄 "
385,0,im waiting for a follow since the x factor   
386,0,@user but it's your fault you have to use it to pointscore. 
387,0, @user this week staed off kinda lame but it's getting better! #yay   #wednesdaywisdom
388,0, @user #forever @user   young man he luks too hot wen he is in temper i'll b alwys ur fan till my lst breath芒聵潞 h芒聙娄
389,0,don't worry #bee   
390,0,double tap and follow me #beautiful #smooth #lifestyle #skin #instasize  #f4f #fashion  芒聙娄 
391,0,#lawofattraction for #healing #loa   be #healthy   #well #idwp ! 
392,0," 芒聠聺 #oil turns flat to $50.40, eyeing eia inventory data for fuher direction   #blog #silver #gold #forex"
393,0,training in new employee's is fun. #newblood  
394,0,  #first #bihday to our #puppy #eloise #sweetbabins #dog #growingup #cute #bihdaygirl @user 
395,0," @user   - 5,000 pigs burn alive in saskatchewan barn fire (video) "
396,0, @user you'll never convince me that americans have the right to bear these.   #prayfororlando #guncontrol 
397,0,with my beautiful ladies!!! is a blessing to know them !!贸戮聦卢贸戮聦卢. #smile   #lovethem芒聙娄  
398,0,today baba siddique ifftar pay at mumbai. @user &amp; @user dono ayenge.   to see both again
399,0,  hands | #ombre #blue 
400,0," @user i can't wait to go see warcraft, ugh 冒聼聵颅冒聼聵颅冒聼聵颅   #warcraft"
401,0,cousins reunited...  #family#fun@user wellness 
402,0,at @user for 'an audience with duane henry ' ....should be very insightful  
403,0,my train hasn't moved so i'm binge tweeting  
404,0,have my lover stop being angry at me visit us..&gt;&gt;&gt;  #lover   #friend #astrologer #love 
405,1,@user when you're blocked by a  troll because you promise to  #blacklivesmatter &amp; let his nonsensical rants boos芒聙娄 
406,0,  father's day to all the dads here and the one's that are in heaven 
407,0,#sdl326am @user   june 16 @user
408,0,how creepy awesome are these baboons climbing the fire escape like humans on @user   #summev #zoo 
409,0,use the power of your mind to #heal your body!    #altwaystoheal #healthy is  !! 
410,0,dude i'm a tiger! #roar #tiger #annaswelshzoo   #bihdaycelebrations 
411,0, @user we don't #laugh because we're happy... we're   because we laugh. - william james.  #xtra
412,0,have a happy sunday everyone! i think today is going to be a good day :) #positivevibes   #sunshine #sunday 
413,0,can we talk about the ways in which organizations dehumanize us? and how they're never held accountable?  
414,0,stuck in the rat race? find your freedom.   #masterkeyexperience 
415,0,i have to study...   #face #pizza (i stole my roommate's idea for taking this pic) 
416,0,dinner with sister!! 冒聼聵聤芒聺陇茂赂聫冒聼聭炉冒聼聨聣    #sisteradventures #sister #ilovemysister芒聙娄 
417,0,who else is planning on watching @user tomorrow? 冒聼聵聧   冒聼聵聝
418,0,"#usn rifle day 'snowed out', so ar-15 is closest to m-16 i ever got. @user @user @user   #navy"
419,0,euro 2016: bbc pundits make their predictions for france  #euros sta today -    
420,0, @user because i am happy! 冒聼聵聨冒聼聵聨 #happiness #minions   
421,0,no elder scrolls for many years?!! wah wah    #bethesda #e3 #e32016
422,0, @user poor #tiggy 冒聼聵垄 and a little bit cheeky #jax &amp;   冒聼聵聢 #soa #throwbackthursday @user @user @user 
423,0,cannot wait for #eurogamer this year! #pumped   #eurogamer2016
424,0,very   to work with russell.beckwith soon #staytuned 冒聼聯赂: my friend lyle!! #tapfoags ..芒聙娄 
425,1,why the nazis studied american race laws for inspiration 芒聙聯  #ushistory  #eugenics
426,0,sharing ice cream #sun #love #outdoors #picnic #summer #family #daughter #father #desse #icecream   
427,0,nothing like a river island sale shopping spree to cheer you up #retailtherapy #riverisland #shoppingqueen #alwayscheersyouup   冒聼聭赂冒聼聫录
428,0,cleaning ze house and zoing ziy laundry. 茫聝聞 i'm finally free from fever and colds. 芒聢漏__芒聢漏i'm happy! #cleaning #laundryday  
429,0,2 new listings are up!   #ebay     #woohoo #sell #selling #buy #shop #shopping 
430,0,i am thankful for my challenges. #thankful #positive     
431,0,chilled night in with ice cream&amp; grown up2! #chilled  
432,1,@user #biherism absolutely originated in hateful  #bigotry #altright hatred of our african american #potus #theresistance
433,0, @user * sweets 冒聼聧掳冒聼聧漏冒聼聧卢冒聼聧颅冒聼聧芦芒聹篓!!!!!! * #instagood #矛聲聞矛聺麓毛聫聦 #氓聛露氓聝聫 #idola #idol #脿鹿聞脿赂颅脿赂聰脿赂颅脿赂楼 #followme #selfie   #茫聛漏茫聜聥茫聛聢茫聜聦芒聙娄 
434,0,all these tragedies in america first with the killing of #christinagrimmie and now #orlando #america is not a safe place to be today!  
435,0, 芒聠聺 #brexit angst a factor helping drive down interest rates in germany and japan - bbh   #blog #silver #gold #芒聙娄
436,0,fab &amp; interesting day at #eacbpm. now dash to a quiet place to dial into iiba emea region meeting #busy   :)
437,0,"kayak, sup, snorkel, swim...whatever your pleasure, we'll put it together!  #alohabeachbus   #hawaii #explore "
438,0,u can hold a man down for years ...and watch him change on u over some hear say..    no loyalty.. no... 
439,0,we'll back going to tacloban now! see ya later!贸戮聦碌芒聺陇   #great 芒聙聰 traveling to tacloban city from catbalogan 
440,0,@user how do you feel about that? you haven't won any olympics medal  
441,0,angry birds il film download ita 芒聙聯 720p hdtc (2016)    #birds #download #film #il #ita
442,0,  #sunday to you all 冒聼聵聵 #photo by @user  #model #urbex #topless #tits #mono #retweet # #sexy #heels #ace 
443,1,fo woh officer in viral arrest video was 芒聙聵rude not racist芒聙聶: chief  #crime #officer芒聙娄 
444,0,@user @user @user @user   saturday  friends
445,0,yayyyy my friend got married today 冒聼聭掳冒聼聭掳冒聼聭掳冒聼聭芦冒聼聭芦 congratulations guys. 芒聺陇茂赂聫芒聺陇茂赂聫  #shegotmarried  芒聙娄 
446,0,#model   i love u take with u all the time in ur冒聼聯卤!!! 冒聼聵聶冒聼聵聨冒聼聭聞冒聼聭聟冒聼聮娄冒聼聮娄冒聼聮娄  
447,0,"if lewis remains perfect, the rangers announcers are gonna stroke out.  "
448,0,chris is so   to be back to #soccer after missing most of #spring #season with a broken芒聙娄 
449,0,train tickets booked for my opera week in wales  
450,0,it's a beautiful day..... #sun   #fun #beachpark @ beach park 
451,0,the big screen is being fitted right now   #euros2016 
452,0,not all love stories are happy ending.  #anime #love #story #not   #ending #like4like芒聙娄 
453,0,#poet   bull up: you will dominate your bull and you will direct it whatever you want it to do. when you sta 
454,0,i am tranquil. #i_am #positive #affirmation     
455,0,@user is that the name of any upcoming new track? 冒聼聵聛冒聼聵聛   #2pm #kpop
456,0,best #essentialoils for #anxiety !!     #healthy   #peace !!  #altwaystoheal !! 
457,0,@user @user @user  wow some people's children have nothing better to do then insult people on twitter .  .
458,0,thinking maybe i should have bought @user instead of @user   #gettingold #becomingboring #notborderlands #goblizzard
459,0,the fact that @user album is an hour away from dripping has me losing my mind..   #fatkidinacandystore
460,0,ryderrideu - see you c2c and cum together: #snapshot #young #shy #kinky #wet #porn #hot   #xxx #horny #s... 
461,0,冒聼聦赂冒聼聦禄冒聼聦录冒聼聧聝冒聼聦潞 snapchat: gaby_china20  #love #girl #snapchat   #flowers #instasmile #instalove芒聙娄 
462,0,i am brilliant. #i_am #positive #affirmation     
463,0, @user true :/ niggas dont go looking for apaments they go look at shoes and jewelry  
464,0,safe ways to heal your #acne!!    #altwaystoheal #healthy   #healing!! 
465,0,#msgapparelstoday  @user  u r so special 4 us   father day
466,0,camping next weekend.   #lovecamping  #brownwood
467,0,i'm so   and #grateful now that - #affirmations 
468,0,my #forever bestie 冒聼聮聥 #karaoke #friends #friendship #love #nofilter #instacool #instagood  芒聙娄 
469,0,"@user absolutely love this place. fantastic welcome from carlos, receptionist. 5th time here. room request granted as usual. #318  "
470,0,headed to #thealter with my peculiar family!   
471,0, 芒聠聺 #us retail sales control group likely rose 0.2% m/m in may 芒聙聯 danske bank   #blog #silver #gold #forex
472,0,happy fathers day. you are love of my life &amp;the best father in the world. 芒聺陇茂赂聫冒聼聵聵 @user #fathersday #love   
473,0, coolestlifehack: worlds smallest snake    #motivation
474,0,this is a shockingly   and increasingly #violent #world we live in and the #uk has gun control laws. i feel for the mp's family &amp; friends
475,0,  ? #funny ? or simply so #truestory :) 
476,0,happy bihday to me!... brithday day holidays  #monday #menmodels芒聙娄 
477,0,i am saddened that no-one has thought to groom her for the position before asking her opinion on such an issue.   
478,0,ukrainians athletes are not in grosseto for @user ... watching livestream without seeing them it's not the same...  
479,0,new season of oitnb stas tonight 冒聼聶聦冒聼聫录   #oitnbseason4 冒聼聵卢冒聼聵卢
480,0, @user excited to be on the other side of the cuain for once tonight. looking forward to seeing @user on broadway芒聙娄
481,0,when quay collab with @user says sold out!!!冒聼聵漏冒聼聵芦冒聼聵漏冒聼聵芦冒聼聵漏冒聼聵芦冒聼聵漏冒聼聵芦冒聼聵漏冒聼聵芦冒聼聵漏冒聼聵芦冒聼聵漏   #noooo #whyyyy #loveyoudesi # 
482,0,i'm   to finally get my #jordans and i get #paid to #wear them too! #lowtops芒聙娄 
483,0,i am impressive. #i_am #positive #affirmation     
484,0,  father's day to all the fathers out there out there making it happen ...... #salute to y'all ..
485,0,our view from the 27th floor! :) #nyc #newyorkcity #myview   girl #wine #fridaynight芒聙娄 
486,1,discussing republicans is the same thing as critiquing . we can't ignore the consequences.
487,0,got school tomorrow my last integration  
488,0,amen!! truth. always. &lt;3 &lt;3  #love     #blessed 
489,0,@user and the stamford kid got 6 months for rape.but that wasn't boredom...it was 20 minutes of action.   .
490,0,lets colorized your life w/ rainbow #danian #love #colour #rainbow   @ depok 
491,0,#aiel #aielmaharashtra rude customer care executive makes me want to switch my loyalty to another provider.   #irritated
492,0,hi teddy corpuz... #rocksteddy #band #enjoy #idol   #omg 冒聼聵聧冒聼聵聧冒聼聵聞冒聼聵聞冒聼聵聞冒聼聵聞冒聼聵聞 
493,0,"@user wow, what a great daughter you are! to send that to your father right before father's day. #cheapshot #lowblow   #shame"
494,0,6 reasons to be happy芒聙娄when your kid is mid-tantrum    #parenting #tantrum #toddler #calm #mindfulness   #strong
495,0,i am truthful. #i_am #positive #affirmation     
496,0,yup #siri on #macos #wwdc2016 - :) woot! next did they work on her listening skills?  
497,0,#diy done! #dresser #nicknacks #newelectricscrewdriver   @ brockely london 
498,1,are you #black &amp; feel like the  are stomping on you? 芒聙娄  #retweet #tampa #miami芒聙娄 
499,0," @user @user thats the problem, only one police officer. you need more, with bigger guns and perhaps one tank with soldiers芒聙娄"
500,0,  father's day to all friends#
